timestamp,customer_id,message_length,sentiment_score,churn_within_30_days
2023/01/15 18:50:00,C0051,198,0.19370031589297398,0
2023-03-16 01:27:00,C0086,109,-0.7142663641561184,0
2023/01/02 05:43:00,C0052,423,-0.5753217786434477,1
02/02/2023 07:39,C0020,31,-0.9858673895605652,1
28/02/2023 08:30,C0090,485,0.9475110376829183,1
02-16-23 03:57 PM,C0061,373,0.02846887682722321,0
2023-02-20 10:46:00,C0002,338,-0.869896814029441,0
14/01/2023 04:01,C0059,274,-0.9680674955595716,1
2023/03/01 08:28:00,C0091,440,-0.6532706929844558,1
04/01/2023 17:05,C0049,399,-0.5841166742636223,1
04/03/2023 06:41,C0092,53,0.8789978831283782,0
2023/02/17 21:34:00,C0013,471,-0.6080342751617096,1
2023-03-26 11:59:00,C0039,347,0.07938426477815952,0
2023-03-01 06:19:00,C0088,50,-0.4074529885918352,0
2023/03/12 08:40:00,C0088,138,-0.6025686369316552,1
03-22-23 06:31 AM,C0010,428,0.5425406933718915,1
2023-01-28 02:14:00,C0040,337,-0.10109865172359322,1
03-03-23 01:24 PM,C0022,181,0.27511494271042625,0
2023-02-16 10:42:00,C0064,14,0.12255439513899247,0
01-09-23 03:26 AM,C0026,355,-0.9491617465118096,1
2023/02/21 17:00:00,C0062,397,0.815132947852186,1
2023/02/12 09:00:00,C0014,22,-0.846040180342414,1
28/01/2023 09:37,C0085,54,-0.408732628324572,0
28/01/2023 22:43,C0027,455,0.07868448383130144,0
30/03/2023 20:54,C0091,234,-0.45573550123072937,0
03/01/2023 23:02,C0076,465,0.06817883875088393,0
2023/02/20 20:57:00,C0096,161,0.8858194078250383,0
2023/03/29 20:56:00,C0095,122,-0.8702155057820369,1
02-08-23 11:29 PM,C0011,122,-0.7038261400932002,0
2023/01/02 10:41:00,C0058,63,-0.9338985341989032,1
2023-01-19 19:13:00,C0000,181,-0.10443367085381672,0
2023/02/24 03:22:00,C0067,132,-0.5156801234451482,0
03-11-23 04:21 PM,C0068,249,0.5966902499691022,0
2023-03-11 07:43:00,C0058,268,0.18178588637648363,0
2023/03/31 02:26:00,C0018,361,-0.8076468978171585,0
2023/02/08 05:37:00,C0039,138,0.35138023407856145,0
23/01/2023 23:58,C0049,307,-0.4841167445696888,0
01/03/2023 14:40,C0089,394,-0.8137944643882016,0
2023-02-01 16:54:00,C0036,242,-0.3015808507746782,0
20/01/2023 02:31,C0002,129,0.7755401975219196,0
2023/02/05 01:43:00,C0071,263,-0.9816058967667407,1
2023/01/25 15:13:00,C0098,375,0.09746757873317224,0
2023/03/02 02:40:00,C0079,298,-0.012212569633130776,0
2023-01-07 20:18:00,C0007,137,0.13661720667094324,1
22/01/2023 12:29,C0085,47,0.9577857165500181,0
27/01/2023 00:26,C0007,286,0.005274186210384224,0
2023-03-10 16:59:00,C0063,313,-0.4384552751182884,1
2023/01/17 19:55:00,C0048,167,0.9078571540051747,0
2023-02-06 04:39:00,C0098,311,0.9333096380873391,0
2023-03-04 04:12:00,C0096,425,0.7022733430337138,0
25/01/2023 09:25,C0017,332,0.14012234017872993,1
02-16-23 02:13 PM,C0031,459,-0.4916727018605225,1
2023-01-17 18:47:00,C0089,402,0.40496816797421853,0
11/02/2023 12:38,C0092,364,-0.4875861128110839,0
2023-01-07 00:35:00,C0059,29,0.2999278615555303,0
01-14-23 04:11 PM,C0015,480,-0.9447664562525906,1
03-28-23 02:13 PM,C0031,162,-0.6899167665445116,0
27/02/2023 09:29,C0021,314,-0.9253036225015712,0
2023-03-01 10:12:00,C0053,273,0.5399871061972217,0
2023-03-09 12:53:00,C0004,489,0.06270926313629599,0
2023-02-09 10:55:00,C0054,379,0.03260069660239062,0
03-04-23 06:01 PM,C0016,355,-0.949298513169085,0
2023-01-09 16:52:00,C0022,67,0.8304274552529609,0
2023-02-17 08:07:00,C0095,382,0.2765411876867008,0
04/03/2023 09:40,C0063,358,-0.16079987514442018,1
20/02/2023 16:36,C0015,194,-0.31624066656719685,1
2023-03-03 16:51:00,C0046,213,-0.9656777963364995,0
08/02/2023 21:52,C0084,231,0.2995473652855267,1
02-03-23 08:03 PM,C0068,403,0.25171983142847276,0
2023/03/10 08:35:00,C0000,289,0.8877832091215143,0
2023/02/01 14:11:00,C0091,405,-0.22366014758695618,0
03-02-23 11:30 AM,C0032,110,0.2518793402031456,0
2023/03/15 17:46:00,C0039,294,-0.8612773982496691,1
2023-02-04 12:06:00,C0001,99,-0.3620487394124774,0
2023-02-03 01:54:00,C0089,400,-0.7636703447566875,0
2023/01/29 23:19:00,C0074,226,0.6069618607696972,0
2023/03/14 15:19:00,C0009,236,0.9810102840013466,0
24/01/2023 11:02,C0081,233,0.7168255036860236,0
01-23-23 03:36 AM,C0012,370,-0.2445422276474103,0
2023-03-30 22:45:00,C0083,196,-0.8000302256762732,1
2023-01-19 01:15:00,C0060,464,0.9136017702529127,0
2023/03/24 23:10:00,C0051,382,-0.8165917054830378,0
2023/03/26 19:34:00,C0051,66,-0.773070795965104,0
02-08-23 06:37 AM,C0057,131,-0.11693899725324597,0
2023/01/18 12:30:00,C0074,18,0.5230212634349445,0
15/02/2023 19:51,C0006,402,0.6437201185807124,0
29/01/2023 19:48,C0004,348,0.1626108344535646,0
01-17-23 08:30 AM,C0085,226,0.1837774776425687,0
2023/01/19 07:24:00,C0030,191,0.41016872859331976,0
02-08-23 07:09 PM,C0018,182,-0.9772927104651619,0
2023/01/20 07:55:00,C0057,326,0.6455807037533863,0
18/03/2023 05:47,C0002,200,-0.04457021823954466,1
07/02/2023 19:00,C0032,67,-0.9756910506203673,0
2023/02/16 19:32:00,C0060,383,0.849286660447192,0
01-19-23 11:45 PM,C0035,242,-0.5663817868270176,1
2023/02/23 21:22:00,C0000,480,-0.9091072393170843,1
16/01/2023 16:07,C0095,469,-0.7864878681282312,1
2023/02/05 01:29:00,C0091,195,-0.5412105085901007,1
03-05-23 08:21 AM,C0040,154,-0.4404729856621086,0
29/01/2023 15:08,C0076,44,0.645074485846338,0
16/02/2023 07:29,C0068,321,0.7533229718515855,0
2023-02-02 06:13:00,C0004,155,0.9745522586298889,0
2023-01-26 01:02:00,C0084,351,0.6583284414130288,0
2023/01/01 06:44:00,C0032,320,0.7294447525101064,0
2023-01-05 12:50:00,C0094,32,0.537974830361021,0
2023-03-24 19:28:00,C0073,87,-0.5899093429869502,1
2023-03-18 07:28:00,C0044,497,0.23625648091579166,0
08/02/2023 02:33,C0071,171,-0.04757860642197165,0
2023/01/12 17:57:00,C0049,398,-0.8231835532687068,0
02-16-23 03:18 PM,C0016,238,0.24061910270692932,0
07/02/2023 12:43,C0050,303,0.21617569908377043,0
20/02/2023 07:26,C0078,317,0.09489261379822311,0
30/01/2023 12:38,C0078,60,0.3952837429869267,0
25/02/2023 23:44,C0009,282,-0.4835112234020833,0
06/01/2023 00:52,C0033,214,-0.5817384178429716,0
2023/01/23 20:06:00,C0074,104,-0.19939902217943728,0
01-04-23 04:40 AM,C0003,361,-0.052076719474255295,0
03-02-23 10:33 AM,C0049,412,0.6435812736888984,0
2023-03-02 08:53:00,C0041,335,-0.7587282577987984,1
2023-02-15 09:05:00,C0089,87,-0.3398009733796892,0
16/02/2023 19:04,C0025,248,0.02331402709452246,0
02/03/2023 05:36,C0047,301,0.6124025595861227,0
03-20-23 05:02 AM,C0051,65,-0.030954029617957346,0
19/03/2023 20:39,C0086,374,-0.8753172749775171,1
03/01/2023 15:18,C0006,372,0.06422697053063131,1
2023-01-15 20:15:00,C0037,128,-0.2454316737907547,1
17/01/2023 20:54,C0056,483,0.07067112803104703,1
2023/03/25 00:24:00,C0012,403,0.5783424772146766,0
03-27-23 12:33 AM,C0099,273,0.17307086932151816,0
10/02/2023 10:12,C0041,189,0.29183448266320244,0
28/02/2023 14:36,C0055,238,0.8673836475197492,1
2023/03/11 10:23:00,C0020,359,-0.6268659518973885,1
2023-01-24 13:42:00,C0094,256,-0.8967290442509743,1
24/01/2023 20:46,C0035,331,0.15199683561131994,0
2023-01-06 01:57:00,C0078,103,-0.6582248252198684,0
03-07-23 02:06 PM,C0056,401,-0.04676103174717605,0
11/03/2023 23:53,C0004,333,-0.14912712276716644,0
16/02/2023 00:00,C0011,151,-0.42273889351948846,0
2023-03-18 04:18:00,C0010,399,-0.32679144361215884,1
10/01/2023 02:51,C0022,22,0.36914309575966664,1
2023-03-14 13:04:00,C0062,468,-0.05366759789621556,0
2023/02/18 05:17:00,C0034,245,-0.1829634141281662,0
01-09-23 09:47 AM,C0074,44,0.8528988471794223,0
2023/03/05 22:52:00,C0059,276,0.5905346237197804,0
2023-02-04 12:04:00,C0029,14,-0.5286165078700005,0
2023-01-04 10:00:00,C0061,51,-0.21510978515472923,0
01-14-23 01:19 PM,C0038,134,-0.39724425167171584,0
2023-01-25 02:24:00,C0014,459,0.08710572222797719,0
08/02/2023 03:17,C0050,76,0.2554161061428357,0
2023/01/15 21:52:00,C0063,487,0.7877851661019153,0
2023-02-26 18:40:00,C0037,494,0.5571438781015021,1
03-27-23 08:36 AM,C0067,339,-0.3158365025681851,0
2023-02-16 03:47:00,C0030,225,0.207915744145025,0
01-05-23 07:40 PM,C0007,333,0.44450513678613257,0
05/02/2023 21:55,C0094,308,0.19805872955465298,0
2023/02/07 19:17:00,C0073,32,-0.07598839271173463,0
2023/03/31 02:20:00,C0011,455,-0.798410793968227,1
2023/02/12 16:43:00,C0059,333,0.5801692742481734,1
2023-01-31 23:21:00,C0091,60,0.47288847124944566,0
2023-01-11 23:50:00,C0085,311,-0.5281879308098376,1
2023-02-23 16:22:00,C0035,10,0.7397927241242566,0
01-15-23 11:00 AM,C0039,466,0.4884993036865777,1
01-26-23 03:36 PM,C0056,72,-0.17099083159274464,0
01-02-23 08:33 PM,C0037,427,0.8369094498786023,0
2023/02/20 20:05:00,C0058,34,-0.0032644545210405163,0
2023-02-02 02:56:00,C0087,72,-0.44482565474116376,0
2023-02-18 16:06:00,C0084,93,-0.08202202396597391,0
2023-03-04 23:03:00,C0085,336,0.19077003464008757,1
02-20-23 03:51 PM,C0086,327,-0.5897207190359857,1
2023/01/30 19:27:00,C0044,28,-0.8685827211432953,0
2023/03/07 08:21:00,C0046,122,-0.19847387824934803,0
2023-01-04 21:27:00,C0062,64,0.8922309242672655,0
2023/03/24 02:41:00,C0073,490,-0.9492272886793103,1
2023/01/07 22:52:00,C0049,330,0.10344519051867951,1
28/02/2023 05:27,C0086,258,0.5998321707463787,0
2023/01/08 01:35:00,C0096,87,0.20639480435395918,0
09/03/2023 02:44,C0015,478,-0.18721538345295596,0
01-07-23 05:29 AM,C0081,170,-0.5842274897079454,1
2023/02/05 21:48:00,C0018,91,0.7853434221539497,0
01-11-23 12:25 PM,C0019,395,-0.27388157560981896,1
05/01/2023 13:24,C0019,265,0.10409436170396047,0
2023/03/27 23:07:00,C0043,90,0.7369359517958256,0
2023-03-22 18:58:00,C0086,23,0.4833738884573311,0
03-14-23 09:41 PM,C0024,13,-0.7354475777493392,0
03-28-23 01:24 PM,C0097,335,0.828597613120998,1
10/02/2023 15:33,C0099,26,-0.1895038239446225,0
2023-03-28 05:41:00,C0075,36,0.8000372836962102,0
01-12-23 01:40 PM,C0039,403,0.8288238918499196,0
03/03/2023 10:33,C0091,73,-0.2922572468775011,0
2023/02/20 11:32:00,C0064,380,-0.5093017806373581,1
2023-01-11 11:15:00,C0039,196,-0.40575656875364996,0
2023/02/24 10:22:00,C0097,255,-0.7299974451575861,0
01-20-23 09:07 PM,C0035,346,-0.007267505597527313,0
14/03/2023 02:33,C0097,82,-0.8497244365283825,0
2023/03/02 15:38:00,C0088,51,-0.08063697447773777,1
20/02/2023 01:41,C0043,21,-0.2780522061199464,1
02/03/2023 17:20,C0048,66,-0.10798845408408853,0
03-21-23 03:35 AM,C0061,273,0.27789877066852364,0
2023-03-11 20:23:00,C0079,475,-0.021150072713719048,1
2023/01/26 00:46:00,C0025,275,0.1765275139398621,0
26/03/2023 18:29,C0025,400,-0.9321080428284023,0
02-17-23 01:46 PM,C0008,486,-0.051571566685072456,0
2023-01-18 10:14:00,C0038,23,0.19253975696410608,0
02-14-23 06:41 PM,C0059,302,0.06053026526980032,0
2023/02/08 08:16:00,C0086,358,0.323310350161083,0
16/01/2023 08:12,C0032,117,-0.5340810504927325,1
02-03-23 06:53 AM,C0041,256,-0.6290541808465551,1
2023/02/08 13:33:00,C0095,38,0.5343765778622538,0
2023-01-16 21:02:00,C0056,275,-0.8166013297771397,1
05/01/2023 09:36,C0083,186,-0.7790517737372107,1
09/03/2023 02:25,C0029,302,-0.9158136207272762,1
2023-03-14 06:38:00,C0078,386,0.3592945653861397,1
2023/03/02 15:38:00,C0036,207,0.9646610301601632,0
2023-01-11 18:05:00,C0087,235,-0.6659321078158495,0
2023-03-13 22:13:00,C0058,252,0.02537702203301717,0
2023-02-26 03:37:00,C0097,250,0.9145405259666513,0
01-05-23 12:53 AM,C0004,224,0.7675717699268514,0
04/02/2023 11:29,C0060,71,0.9926715516134486,0
2023-01-13 19:03:00,C0098,98,0.1858798696834063,0
01-11-23 03:51 PM,C0097,132,-0.7409701574343917,0
2023-03-17 02:49:00,C0024,472,0.31048396127804345,0
03-29-23 07:07 PM,C0058,47,-0.4804924324793476,0
2023-01-18 07:33:00,C0089,325,-0.7810622798910922,0
2023/03/22 18:57:00,C0076,310,-0.038826845346704,0
08/03/2023 17:43,C0057,49,0.13146392799158213,0
2023/03/29 19:30:00,C0005,177,-0.5094289354893309,1
02-10-23 01:00 PM,C0047,54,0.3949429233385673,0
2023/01/27 07:01:00,C0062,16,0.7632742655407003,0
23/01/2023 07:05,C0030,169,-0.3297622914817162,0
23/03/2023 05:55,C0030,215,0.5132716075698693,0
01-13-23 05:49 PM,C0065,122,0.11968862461765895,0
2023/03/01 07:27:00,C0097,374,0.5596907903022872,1
2023-03-12 09:45:00,C0029,233,0.6802430054824375,0
06/02/2023 16:28,C0078,205,-0.6524930493848664,0
2023/03/05 17:20:00,C0067,415,0.41714400920525874,0
03-31-23 07:03 PM,C0021,219,0.7430736123047526,0
03-17-23 12:42 PM,C0028,445,0.5165263918580452,1
02-02-23 02:38 PM,C0010,425,0.5408148356155864,0
2023-02-15 12:17:00,C0025,13,-0.1476373955280541,0
2023-01-15 14:46:00,C0038,166,-0.4032511380200148,0
19/03/2023 18:27,C0046,468,-0.45348094600358135,0
2023/01/21 05:02:00,C0055,366,0.2770518953281711,0
03-10-23 11:30 PM,C0056,266,-0.3585145191237451,0
2023/03/02 19:46:00,C0033,290,0.4298480804044953,0
27/01/2023 18:03,C0079,482,0.7372463359112216,0
01-27-23 03:18 AM,C0078,358,-0.7375102446352249,1
03/01/2023 15:15,C0059,24,-0.036955296974899854,0
25/03/2023 08:40,C0016,441,-0.016810906517126245,1
03-29-23 09:43 AM,C0001,73,-0.08955970183639761,1
05/03/2023 05:37,C0017,104,0.4437752558538701,0
2023-02-02 01:41:00,C0088,401,0.4485706162528238,0
2023-01-17 09:47:00,C0040,55,-0.7150089141969735,0
20/01/2023 11:12,C0085,433,-0.9804583051616327,1
2023/02/02 09:48:00,C0001,163,-0.20615344759680787,0
15/02/2023 02:01,C0089,152,-0.5996995115103798,1
03-16-23 05:16 AM,C0048,132,-0.9368277103487159,0
01/02/2023 09:12,C0094,213,0.7419382474921712,0
03-25-23 10:21 PM,C0061,260,-0.031203104851918795,0
04/01/2023 23:33,C0079,31,-0.09536343096339972,0
01/03/2023 14:33,C0040,468,0.4496531197481166,0
01-13-23 10:04 PM,C0011,131,-0.3419651243706756,0
01-08-23 05:08 AM,C0044,297,-0.003608567093722037,0
2023-03-24 11:01:00,C0017,361,0.084957271438735,0
03-15-23 12:34 PM,C0027,454,-0.8556031820416483,1
2023-01-07 22:35:00,C0096,359,0.9215611029739539,0
2023/01/20 13:24:00,C0023,229,-0.2579224740307946,0
2023/02/19 15:46:00,C0023,114,-0.12276916162081908,0
07/03/2023 05:34,C0099,429,-0.15655814625308917,1
12/01/2023 21:00,C0057,49,0.6719961275624189,0
2023/01/08 01:39:00,C0025,487,-0.6406337822595161,1
2023-01-02 06:14:00,C0077,334,-0.8617344276267611,1
01-14-23 08:23 AM,C0059,482,0.3252425580166407,1
30/03/2023 00:27,C0016,172,0.3134733290825844,0
03-17-23 05:00 AM,C0039,312,-0.5306519234768978,0
21/03/2023 14:03,C0013,370,-0.13822495267638812,1
2023-03-17 08:32:00,C0042,73,-0.2814985041675089,0
2023-02-16 20:27:00,C0036,314,0.6883408979383943,0
03-20-23 10:19 AM,C0027,454,-0.9316244681216836,0
06/02/2023 17:23,C0072,294,0.2800059336738274,0
2023-03-10 19:44:00,C0058,188,-0.9168542818992158,1
03-29-23 09:14 PM,C0052,135,0.9036235708464779,0
2023/02/08 20:46:00,C0056,436,-0.022306839486159635,0
23/01/2023 06:23,C0083,310,-0.7129152759212143,0
03-26-23 02:08 AM,C0007,273,-0.6876723104156521,1
02-16-23 08:16 PM,C0085,128,0.8892284389480465,0
2023/01/17 05:02:00,C0081,378,-0.9392258806063263,0
2023-03-09 13:20:00,C0045,156,0.8817507126761297,0
10/03/2023 06:00,C0047,455,0.31569060920607206,0
2023-03-04 19:44:00,C0069,98,0.7415069006745183,0
01-31-23 08:08 AM,C0076,333,0.30102329558343155,0
2023-01-19 06:36:00,C0003,288,-0.128833370374134,0
2023-02-23 07:34:00,C0087,222,-0.3508283401994594,0
01-15-23 03:16 PM,C0070,325,0.09699944330295351,0
04/02/2023 01:41,C0095,276,0.2068971867627558,0
2023-03-07 15:41:00,C0073,12,0.08472732995947663,0
2023-03-11 10:28:00,C0065,163,-0.7821633163065371,1
2023/02/06 16:14:00,C0047,237,0.21581018558688925,0
2023/02/15 08:17:00,C0069,388,0.04246826497066869,0
2023/02/16 19:00:00,C0079,408,-0.5130354068474015,0
2023-03-09 13:08:00,C0014,479,-0.610883353629398,1
02-21-23 08:13 AM,C0067,166,0.6060517956653269,0
05/02/2023 11:09,C0015,11,-0.45475199853293247,0
03-16-23 09:26 PM,C0088,117,-0.6371233046087461,0
2023-03-04 05:11:00,C0070,435,-0.6295431069051807,0
2023/03/09 23:28:00,C0083,385,0.05299838830756198,1
2023-01-22 19:01:00,C0012,223,0.18707713824629435,0
10/01/2023 16:23,C0014,130,0.6797226057334407,0
02-18-23 07:37 PM,C0079,302,-0.3958789963304099,0
01/03/2023 19:50,C0099,354,-0.8089293723306636,0
2023-02-24 04:01:00,C0096,184,-0.5295288303960304,0
2023/01/21 11:01:00,C0032,302,0.283943000886532,0
2023-01-11 10:49:00,C0031,87,0.2640309720408369,1
01-02-23 10:23 PM,C0024,272,0.3902891080951876,0
02-10-23 07:38 AM,C0038,289,-0.7432114210917495,1
02-11-23 04:47 AM,C0089,118,-0.8411612620220268,1
2023/02/05 01:12:00,C0096,362,-0.546687195546024,1
2023/01/13 09:20:00,C0067,139,0.33920523226792376,1
21/01/2023 12:55,C0031,209,0.30175473809438835,0
03/01/2023 05:41,C0057,139,0.9882787224423351,0
02-04-23 05:53 AM,C0080,295,-0.3328609010555992,0
2023-02-05 07:32:00,C0057,486,0.3800097816413315,1
2023-03-03 11:09:00,C0079,64,0.5123266577904921,0
01-08-23 04:19 PM,C0011,153,-0.2349474395119835,0
2023/03/25 21:11:00,C0004,330,0.6840665887528425,0
2023/01/22 16:17:00,C0069,240,0.7293723840670805,0
2023-02-07 12:17:00,C0075,151,-0.7647019430528827,1
03-26-23 12:49 PM,C0065,258,0.10760448142475254,0
03/03/2023 23:50,C0051,205,0.7466733234476957,0
12/02/2023 02:22,C0021,325,0.7028499154901915,1
11/02/2023 11:17,C0048,438,-0.23875341304683984,0
03-19-23 02:13 AM,C0029,345,-0.5760350181955229,0
01-21-23 09:37 AM,C0014,139,-0.5527711310073775,0
2023-01-10 13:12:00,C0081,319,-0.3725446176118079,0
21/03/2023 13:41,C0064,390,-0.3649371042465259,0
25/01/2023 19:00,C0005,401,-0.04353195390385545,0
2023/03/09 19:56:00,C0078,21,0.9316443223064399,0
2023/01/31 14:05:00,C0012,155,-0.44449475250147774,0
12/02/2023 04:13,C0031,69,-0.27040356171094104,0
2023-03-24 12:57:00,C0004,139,-0.030796825962270624,0
02-25-23 07:36 AM,C0030,92,-0.6586704829000032,1
03-03-23 02:42 PM,C0027,89,0.38323611113863865,0
2023-02-09 13:04:00,C0003,368,-0.5583947404287217,1
07/02/2023 20:54,C0035,72,0.5841872675210864,0
2023/01/07 02:34:00,C0098,479,0.6550757911337486,0
01-05-23 08:29 AM,C0085,395,-0.7323925274410226,1
01-21-23 10:49 AM,C0078,323,-0.6206103036506456,0
2023-03-26 04:01:00,C0012,222,-0.6022874444494082,1
02-05-23 07:44 AM,C0031,197,0.2921802469250161,0
2023/01/26 08:29:00,C0054,43,-0.35064814621988005,0
2023-02-21 09:13:00,C0098,51,0.7841693778804688,0
2023-01-09 07:04:00,C0016,139,-0.12479375188921615,0
2023-02-27 03:51:00,C0009,293,0.27440295361656086,0
2023-03-27 03:19:00,C0058,88,0.7787818322576885,0
2023/03/24 09:40:00,C0044,437,0.02444384162534896,0
03-13-23 01:26 AM,C0076,394,-0.8558313280026533,1
2023-01-17 02:27:00,C0023,241,-0.2934971829958717,0
02-21-23 06:38 AM,C0010,400,0.5676853535353477,0
05/01/2023 12:52,C0057,361,-0.8625743349634645,1
2023/03/22 20:46:00,C0095,265,-0.5443151649137801,0
2023-02-19 16:02:00,C0078,301,0.23002593607773325,0
03-30-23 06:17 AM,C0040,199,0.7916291947437639,0
12/01/2023 12:49,C0035,278,0.16484531641449296,0
01/02/2023 14:51,C0031,20,-0.912528748240061,1
02-24-23 08:07 AM,C0017,343,-0.12119002061109563,0
2023/01/30 19:55:00,C0021,444,0.773849800418539,0
02-01-23 08:45 PM,C0098,48,0.6930286773805561,0
21/01/2023 23:40,C0017,158,0.9567945576011918,0
2023/01/23 03:55:00,C0006,212,-0.35988033495803307,0
2023-01-22 14:19:00,C0088,278,-0.6703703685411257,1
21/02/2023 04:42,C0078,104,-0.023211739870120818,0
03-18-23 04:37 AM,C0043,430,0.18069538091754578,0
2023-01-19 00:22:00,C0062,39,0.7466458317216154,0
2023/02/27 02:08:00,C0007,270,0.7629015593500428,0
05/03/2023 14:33,C0098,482,0.11016989860457249,0
2023-01-27 18:09:00,C0090,121,0.5675835689707944,0
31/03/2023 05:13,C0085,21,0.4914675654624643,0
2023/02/22 23:20:00,C0033,84,0.5125293157829052,0
2023-02-25 20:34:00,C0069,195,-0.2633809389863033,0
10/01/2023 08:55,C0019,236,-0.7243542016815292,0
21/01/2023 03:21,C0053,439,-0.2890139791172852,0
01-17-23 07:02 PM,C0019,13,0.020219424997650393,0
2023/02/27 17:58:00,C0079,397,-0.8943920790629438,1
2023/03/23 02:38:00,C0029,69,-0.355783991541629,0
2023-01-22 11:03:00,C0082,85,0.5697939542229351,0
2023/03/05 00:18:00,C0030,182,-0.7050949465874321,1
2023/01/18 13:50:00,C0054,122,0.19645058812747762,0
26/02/2023 16:59,C0074,310,-0.6530398514680855,0
16/02/2023 06:38,C0019,56,0.6796045712712344,0
2023-03-31 23:43:00,C0008,70,0.9592934300677669,0
2023-03-11 09:22:00,C0093,412,-0.4814064822684525,0
2023-03-05 00:48:00,C0068,83,0.8747065884317289,0
01-04-23 10:37 AM,C0089,304,-0.0070776952894004985,0
11/03/2023 13:28,C0056,183,0.22045029895528256,0
2023/03/25 16:24:00,C0030,222,-0.8620839672871576,1
03-27-23 08:43 PM,C0029,172,-0.4487753226421092,0
21/03/2023 23:43,C0009,488,-0.10052031509892001,0
2023/03/14 20:51:00,C0043,116,-0.874693593089291,0
21/01/2023 03:15,C0056,426,0.5437154523632426,1
2023/03/23 11:11:00,C0014,212,0.9267888684271008,0
2023/01/21 08:11:00,C0070,393,0.24885089294345608,0
03-23-23 07:14 PM,C0020,227,-0.617618597070422,1
2023/03/26 06:23:00,C0088,454,-0.7718084302241333,1
03-12-23 09:57 AM,C0067,298,0.04678182274873288,0
01-28-23 03:53 PM,C0097,178,0.5833999769067033,0
11/03/2023 03:17,C0097,74,-0.1427389060590485,0
26/02/2023 18:09,C0021,107,0.7239738168085446,0
2023/03/27 09:47:00,C0038,433,-0.7761281459569394,1
03-05-23 04:02 AM,C0098,58,-0.5972724357280512,1
2023/01/26 06:22:00,C0019,375,0.5082153606323281,1
2023/03/20 10:27:00,C0084,279,-0.5224075772369214,0
2023-01-28 17:29:00,C0057,456,0.10502722956545041,1
2023-03-13 17:47:00,C0002,51,-0.0043749839314195516,0
01-23-23 10:00 AM,C0051,187,-0.8131840560494088,0
2023/01/12 00:07:00,C0010,485,0.5149637695788347,1
02-24-23 03:04 PM,C0071,408,0.8301801368140864,0
01/03/2023 07:47,C0041,277,-0.6679313731676091,0
27/01/2023 00:39,C0002,426,0.19622525873803598,1
02-01-23 11:27 AM,C0007,110,-0.11935316326330203,0
2023/02/01 10:48:00,C0018,404,0.01041354715327647,0
2023-01-21 11:09:00,C0062,171,-0.66809020940843,0
2023/02/28 04:06:00,C0094,292,0.3737219953500581,1
25/01/2023 15:29,C0067,391,-0.2419457475618052,0
09/01/2023 23:15,C0091,443,-0.7785031093620838,0
2023/03/07 15:42:00,C0010,373,-0.37187841001453603,1
2023/01/03 09:47:00,C0085,295,-0.6524768137285124,0
03-03-23 04:20 PM,C0089,189,0.8107197485557407,0
2023-02-27 18:18:00,C0081,288,0.24185713495686234,0
01-11-23 02:21 PM,C0068,356,0.2682842765914737,1
02-03-23 06:09 PM,C0015,433,-0.9923657317513057,0
2023-03-14 02:03:00,C0069,465,-0.8546582567799674,1
2023-01-04 07:21:00,C0066,312,-0.3893786466065374,1
26/02/2023 15:48,C0098,151,0.8072156886935902,0
18/03/2023 20:30,C0008,124,0.8143900614116597,0
2023/02/28 22:57:00,C0022,55,-0.07928345759614741,0
2023-03-03 09:55:00,C0071,290,-0.15711191684150516,1
22/01/2023 01:22,C0086,444,0.6520781033331438,0
03-25-23 02:52 AM,C0027,215,0.4533419841406465,0
16/02/2023 16:51,C0018,129,0.4073719549215915,0
2023-03-22 04:45:00,C0039,329,0.13434155983877116,1
03-16-23 01:40 PM,C0013,498,-0.4001617769860306,0
2023/03/09 16:27:00,C0067,11,0.33560936645281303,0
2023-02-24 17:19:00,C0040,71,0.5891565574003805,1
11/01/2023 08:13,C0034,478,0.04289137808717891,1
2023-03-08 16:52:00,C0019,210,0.8192536388731848,0
2023-03-29 07:59:00,C0080,17,0.03489270351008256,0
02-23-23 02:53 AM,C0075,24,0.20384686203026314,0
2023-01-22 03:51:00,C0092,316,-0.10950777543042367,0
2023/01/04 05:47:00,C0050,269,-0.2309773447103749,0
03-07-23 07:45 PM,C0085,448,0.9676806257108757,1
2023-01-06 03:33:00,C0037,219,-0.2762938135897226,0
27/01/2023 23:23,C0089,458,-0.09906939668436343,0
02-09-23 02:21 AM,C0098,441,-0.4386335689680514,1
2023-03-02 16:37:00,C0012,311,-0.9010062930126668,0
2023-03-31 05:40:00,C0019,442,-0.5629803312917394,1
2023-01-09 22:47:00,C0053,314,0.23413303223560256,1
2023-02-28 03:02:00,C0050,48,-0.012906839319762664,0
01-11-23 10:36 PM,C0018,55,-0.6695921213242997,1
2023/03/17 09:43:00,C0018,454,0.4280652889337129,0
02-14-23 10:01 AM,C0032,485,0.6423965651004531,1
15/02/2023 22:46,C0090,440,-0.8809505993044566,0
18/01/2023 22:27,C0081,170,-0.08752698208891596,0
2023/01/28 15:35:00,C0018,122,-0.8579846709334891,1
2023-02-10 15:58:00,C0014,114,0.29290018024921394,0
10/01/2023 15:09,C0076,60,0.8265738951524735,0
03/01/2023 18:27,C0027,164,0.481962500549157,0
2023/01/16 22:53:00,C0002,267,-0.9765867785381919,0
2023-03-06 22:14:00,C0034,472,-0.9125218553821053,1
2023/01/25 21:42:00,C0048,303,0.6912087259798136,0
2023-02-05 10:10:00,C0017,384,0.08506873706450291,0
01/03/2023 23:07,C0029,297,0.6448447473365568,0
02-10-23 06:06 PM,C0078,369,0.7793040660351327,1
02/02/2023 11:18,C0056,449,-0.6687433059434693,0
2023-02-25 13:52:00,C0036,56,-0.6910805055533524,1
01-18-23 04:46 PM,C0059,484,-0.18074221020953596,0
2023/03/05 05:24:00,C0037,427,0.6834467234893522,0
2023-01-31 23:31:00,C0064,374,0.9440505129931822,1
2023-02-28 01:14:00,C0087,269,-0.8013955944926141,1
02-20-23 04:21 AM,C0063,134,-0.08295398223621864,0
2023-02-11 02:03:00,C0036,44,0.7768073446173624,0
01-29-23 01:16 AM,C0072,440,-0.6968314142602401,1
2023-01-22 01:07:00,C0095,174,-0.04424310395551512,0
02-22-23 11:22 PM,C0085,444,-0.2876287057648117,0
03-26-23 03:41 PM,C0050,30,0.9328347717328147,0
2023-03-04 21:43:00,C0000,492,-0.6989570166731729,0
2023-02-20 08:28:00,C0099,108,0.760629524297854,0
01-19-23 02:44 AM,C0023,350,-0.7040317052683305,0
01-19-23 01:03 AM,C0035,126,0.19824117008065034,0
2023-01-12 04:05:00,C0046,255,0.58101958854977,0
2023-02-25 17:23:00,C0080,55,-0.93107748115,0
2023/01/26 22:07:00,C0018,245,0.5092424431971836,0
03-16-23 08:39 PM,C0054,408,0.21151060627811336,0
02-20-23 04:13 PM,C0080,91,-0.11308832723619178,0
01-07-23 06:04 AM,C0003,57,0.9922458992788823,1
2023-03-22 05:36:00,C0044,234,0.7861804103908299,1
2023-03-08 07:22:00,C0037,22,0.9430660847811774,0
22/01/2023 22:52,C0079,180,0.7440966768940154,0
21/01/2023 20:27,C0063,178,-0.44248025517089395,0
02-16-23 07:46 PM,C0056,379,0.35364259771479123,0
01-30-23 10:46 AM,C0070,74,-0.3164351905264766,0
2023/02/06 02:20:00,C0014,145,0.537845564215282,0
05/02/2023 09:06,C0000,200,-0.8227905720606419,0
2023/03/19 23:27:00,C0045,423,-0.9510031034646953,1
2023/01/03 15:09:00,C0071,470,0.8953760519289415,1
24/03/2023 19:06,C0060,25,0.36349728818032245,0
2023/01/16 23:01:00,C0033,331,-0.854196329264193,1
02-03-23 04:54 AM,C0030,401,-0.4149698178585164,1
01-27-23 12:12 PM,C0054,62,0.6844614926878958,0
2023-02-22 13:00:00,C0029,412,-0.28437183177290226,0
01-31-23 05:36 AM,C0085,32,0.7338669367037673,0
2023/03/13 10:59:00,C0099,379,-0.5161366393689408,0
24/01/2023 14:06,C0052,39,0.04033978462150234,0
01-08-23 05:15 PM,C0086,424,-0.4314518141449666,1
2023/03/16 14:32:00,C0097,58,-0.3648264094777667,1
26/01/2023 18:39,C0092,303,0.7914534518523457,0
2023-02-10 06:29:00,C0007,437,0.4818081123041429,0
03-06-23 02:16 AM,C0010,171,-0.37330416482971374,0
02-20-23 02:20 AM,C0014,186,-0.24537267718735278,0
06/02/2023 06:40,C0050,480,-0.012371919086142658,0
03-30-23 10:31 AM,C0090,403,-0.721768302217825,1
2023-02-02 08:42:00,C0012,461,0.4050810030696139,1
03-25-23 04:18 PM,C0020,149,0.9989324964312614,0
2023-01-28 17:03:00,C0047,364,-0.08460078968141205,1
12/03/2023 17:16,C0077,238,0.6443597736328466,0
09/01/2023 05:28,C0015,468,0.46099272191758045,0
2023-03-28 19:56:00,C0099,171,-0.21053129231034373,0
2023/01/18 17:06:00,C0035,335,0.2896652080446276,0
2023/02/23 18:08:00,C0053,30,-0.42518080706884054,0
18/02/2023 01:57,C0056,147,0.08761145573247475,1
2023/02/15 18:45:00,C0073,267,-0.9613447381647979,1
02-04-23 06:26 AM,C0009,111,0.061875356824187655,0
2023-01-29 02:50:00,C0023,237,-0.9166863632346351,1
2023/03/25 01:58:00,C0064,281,0.5458429637522302,0
17/03/2023 02:54,C0057,242,-0.7595855417588475,1
01-25-23 12:32 AM,C0095,451,-0.5534732289896074,0
01-16-23 11:59 AM,C0011,382,0.292917483275861,0
03-14-23 02:39 AM,C0050,273,0.5663968265972519,0
02-14-23 08:37 PM,C0071,141,0.7989104250922032,0
01-28-23 08:28 PM,C0028,133,-0.05238034320410678,1
2023-01-09 10:30:00,C0089,321,0.9826558031284411,0
01/02/2023 08:59,C0014,242,-0.5900375809463672,0
2023-02-26 00:25:00,C0070,403,-0.3697059217348935,1
2023/02/22 07:35:00,C0076,77,-0.22366858774600895,0
18/02/2023 09:23,C0064,225,0.44996233984810496,0
15/02/2023 21:05,C0030,250,0.861213609693074,0
23/02/2023 15:45,C0074,420,0.5221766120477511,0
15/02/2023 07:32,C0020,303,0.8573205740297658,0
2023-03-15 05:01:00,C0077,232,-0.9122001147139898,1
01-08-23 08:12 AM,C0092,117,0.6872993281036475,0
2023/02/19 14:22:00,C0076,79,-0.7822133720379219,0
25/02/2023 18:33,C0047,341,-0.48091643364781933,0
28/03/2023 05:10,C0018,383,-0.9739408644858325,1
28/02/2023 02:04,C0028,282,0.9202712088108944,0
2023/02/03 21:10:00,C0065,150,0.7084438126817361,0
2023-03-06 17:42:00,C0099,196,0.9203355694574908,0
2023-03-27 17:47:00,C0092,430,-0.9819230618414156,1
02-11-23 09:18 PM,C0027,478,-0.5558482586133588,1
2023/02/24 07:35:00,C0065,100,-0.4923578436866103,0
08/03/2023 19:56,C0092,237,-0.42223012218166867,0
2023/02/03 02:08:00,C0026,98,0.5220158469907841,0
20/01/2023 10:28,C0083,172,-0.8845941431682023,0
19/03/2023 17:20,C0089,182,-0.4979972334753995,0
2023-03-23 05:23:00,C0090,123,0.8044728069244762,0
03-28-23 09:29 PM,C0019,212,0.5035443460781865,0
17/01/2023 21:41,C0064,246,-0.550219566368175,0
2023-02-25 15:46:00,C0010,108,-0.34732313813602556,0
03-12-23 10:06 PM,C0059,336,0.6916991009199354,0
04/01/2023 13:10,C0077,93,-0.004920295707795619,0
2023/01/08 09:12:00,C0092,156,0.18760496161923101,1
03-09-23 04:30 AM,C0090,430,-0.07999520883840217,1
2023/02/09 03:08:00,C0026,491,0.5478124435413303,0
2023-03-08 04:49:00,C0003,442,0.0781891054720174,1
10/03/2023 14:22,C0022,190,0.5310935010317217,1
2023-02-23 22:29:00,C0059,322,0.9461563259446657,1
2023/03/26 22:20:00,C0037,12,0.765468761346844,1
03-17-23 05:41 PM,C0067,429,0.4837926539174302,0
27/02/2023 05:05,C0086,199,0.636053498277386,0
19/03/2023 20:08,C0050,388,0.9990878374381886,0
22/01/2023 03:32,C0015,158,-0.7007971009460949,1
2023/02/11 20:25:00,C0030,452,-0.46196070640337905,0
11/01/2023 00:09,C0080,282,0.20310775859964814,0
21/01/2023 14:28,C0024,250,0.02770892841353545,0
03-22-23 08:08 AM,C0035,97,-0.6819499925194774,1
03-11-23 05:04 PM,C0038,416,-0.7497494857165061,0
2023-03-22 12:42:00,C0056,486,-0.7156591065922089,1
02-21-23 04:04 AM,C0083,346,0.40233972318051947,0
2023-02-24 03:11:00,C0046,346,-0.23896458026021095,1
03-09-23 06:08 AM,C0031,52,0.6779946554360214,1
02/02/2023 21:33,C0057,198,-0.8049713487182051,0
2023-03-24 15:01:00,C0028,490,0.9340705505122924,1
2023/03/10 04:42:00,C0064,399,-0.7630152824631988,0
2023/01/19 11:55:00,C0061,388,0.7586820403530561,0
03-09-23 07:07 AM,C0094,11,0.7428280683817086,0
2023/01/07 20:29:00,C0071,384,0.14349196628749739,0
2023/02/20 20:33:00,C0082,473,-0.6743699006462724,1
2023-02-22 05:30:00,C0011,292,-0.17668907908659515,0
2023-02-26 14:05:00,C0004,127,-0.5057368906772162,1
2023-01-19 12:05:00,C0049,388,-0.8868286877065688,1
2023/02/02 19:24:00,C0067,191,0.46697349298420776,0
19/01/2023 02:07,C0086,486,-0.7972542048936817,1
2023-03-04 11:53:00,C0081,66,-0.9770386805012443,0
17/01/2023 05:21,C0073,67,-0.7733929905450716,0
2023-03-23 07:04:00,C0068,228,0.039408525788968474,1
2023-01-10 01:37:00,C0002,300,-0.46293248786478536,0
07/02/2023 00:21,C0073,436,0.19071932251720813,1
2023/02/10 15:49:00,C0019,117,-0.08395557666348252,1
30/01/2023 22:12,C0065,415,0.9300307389089437,1
2023/03/14 08:00:00,C0009,57,0.16711393464963709,0
2023/01/02 06:52:00,C0058,74,-0.7658679171516627,0
20/03/2023 22:18,C0052,444,0.7659876496595461,1
2023-01-30 00:24:00,C0021,293,0.2549731435685587,0
2023/02/18 19:20:00,C0006,92,0.9151620301676346,0
2023/02/01 04:21:00,C0045,175,-0.7962137982541264,1
02-19-23 10:44 PM,C0053,418,-0.13195805458248233,1
2023/03/14 15:14:00,C0092,357,0.22658336977475813,0
2023-02-19 03:31:00,C0041,177,0.30798818467960243,0
2023/02/21 17:50:00,C0095,72,-0.2880579350232113,1
2023/02/17 13:21:00,C0042,212,-0.08211896680635933,0
2023/02/02 05:30:00,C0057,347,-0.2555992163495615,0
02-07-23 10:38 AM,C0081,173,0.8654210162655227,0
2023-01-03 14:29:00,C0045,385,0.9753191846825036,1
14/03/2023 08:28,C0080,116,0.07666388651142686,0
2023-02-23 09:08:00,C0027,347,0.5747740535046657,0
02-27-23 06:02 AM,C0060,197,0.6672862682879168,0
20/03/2023 01:31,C0036,363,0.0001602365431652153,0
2023/02/26 20:28:00,C0057,223,0.005262485260260963,1
03-29-23 04:27 PM,C0053,138,0.5288814561510087,0
2023/02/07 22:44:00,C0000,422,-0.8590161087137107,1
2023-03-12 16:02:00,C0020,312,0.3702686197489682,1
2023/01/01 03:15:00,C0068,453,-0.11338698096564936,0
01-21-23 01:00 AM,C0024,387,0.6571111958121627,0
02-15-23 09:03 AM,C0054,361,0.572715466122963,0
2023/02/27 13:26:00,C0048,106,-0.36278207447278565,0
04/02/2023 17:42,C0005,434,0.7176335423363094,0
2023/03/17 07:50:00,C0080,460,-0.17096787036641548,1
2023-01-29 21:02:00,C0072,96,-0.6414934885214385,0
02-14-23 11:44 PM,C0022,113,0.7259447979739251,0
2023-01-22 12:37:00,C0017,423,-0.961742067125426,1
19/03/2023 10:33,C0041,124,-0.5552773905036594,0
01-11-23 03:25 AM,C0027,256,-0.5125410349513164,1
2023-01-28 06:02:00,C0014,146,-0.16844979295335616,0
2023/03/08 05:29:00,C0018,184,0.5071892614915059,0
2023-01-13 12:37:00,C0097,427,-0.9557170490547411,0
2023/02/18 04:04:00,C0047,326,-0.32558684886849587,1
2023-01-17 01:10:00,C0025,334,0.5296019449185545,0
2023-02-18 18:46:00,C0057,202,-0.9637519179085405,0
2023-01-03 20:30:00,C0024,126,-0.5561990784312543,0
2023-01-25 11:07:00,C0015,129,0.505276588143672,0
03-21-23 07:04 AM,C0085,373,-0.3327432083262687,0
01-29-23 05:38 AM,C0077,459,-0.1908626871919652,0
22/02/2023 15:41,C0010,66,0.6070753189252067,0
07/03/2023 08:53,C0047,213,-0.636553413543687,0
2023-02-26 17:52:00,C0078,91,-0.24906214306699925,0
01-20-23 03:40 AM,C0078,243,-0.357675694728093,0
03-19-23 12:39 AM,C0053,448,-0.26085160114645367,0
30/01/2023 20:58,C0074,71,0.6846510094998681,0
2023/03/02 11:58:00,C0030,418,0.16203018675021896,0
2023/02/14 13:26:00,C0057,323,0.5170037618327814,1
2023-03-05 00:43:00,C0082,68,-0.6602379878985294,1
06/01/2023 15:24,C0091,410,-0.48353796066767996,0
2023/03/05 14:17:00,C0020,499,0.15761350902388105,0
03-17-23 09:32 PM,C0041,63,-0.22757601436593866,0
02-09-23 09:00 PM,C0056,395,-0.15029831426382612,0
2023/01/11 20:30:00,C0043,90,0.16933618033164954,0
23/01/2023 10:57,C0089,233,-0.13782627475342113,0
2023-02-07 20:45:00,C0066,138,0.05744883819687141,0
2023/01/13 15:22:00,C0020,400,-0.4707299461492853,0
2023/03/20 06:27:00,C0078,288,0.9666113136369348,0
2023/03/17 02:40:00,C0083,401,-0.9377018144132179,1
01-21-23 10:07 AM,C0069,88,0.1146743391460161,1
2023-02-17 15:01:00,C0049,65,-0.5978696959001097,0
2023-03-12 01:43:00,C0028,239,-0.8113451474179127,0
2023/02/23 14:52:00,C0096,47,-0.8101641263566606,0
03-02-23 01:18 PM,C0042,489,0.3485176840129982,1
02-04-23 05:50 AM,C0090,409,-0.17761696401082805,1
02-28-23 03:16 PM,C0074,447,0.13236138245014173,0
04/02/2023 09:57,C0047,424,0.5287067728728547,0
2023/02/01 03:26:00,C0095,244,-0.9893076782912711,0
26/03/2023 19:08,C0068,348,0.16190075977635865,0
2023-02-12 01:13:00,C0018,436,0.15768033607118515,0
24/01/2023 10:50,C0086,491,-0.31618944378901936,0
05/01/2023 12:59,C0058,397,0.7220905990066238,0
01-25-23 05:17 PM,C0037,297,-0.09047131489467786,0
02-23-23 02:47 PM,C0054,84,-0.665285935526438,0
2023-02-28 14:16:00,C0040,191,-0.44942357309627967,0
2023-03-12 21:23:00,C0063,152,-0.591666881663514,1
22/03/2023 01:32,C0046,151,-0.8787901845701804,0
02-28-23 05:46 PM,C0032,277,-0.09025511439426359,0
2023/01/03 19:39:00,C0037,99,-0.19622560021853985,0
18/02/2023 12:21,C0036,301,-0.8428843381525457,0
2023/02/12 19:33:00,C0039,17,-0.8669447835782895,1
03-25-23 10:27 AM,C0080,153,0.3813595422960132,0
02-14-23 03:54 PM,C0079,449,-0.6066928300940826,0
03-14-23 03:30 PM,C0087,221,-0.5675459817444406,0
02-26-23 09:27 PM,C0094,104,0.5518230656146119,0
2023-01-12 15:44:00,C0052,73,0.7837862065131251,0
2023/02/19 18:14:00,C0010,67,-0.5412684459246553,0
2023/01/10 15:27:00,C0087,280,-0.7054488728958181,0
2023/03/13 21:59:00,C0039,65,-0.6888571262613954,1
08/01/2023 18:36,C0063,65,-0.7406420435515293,1
2023-02-05 10:36:00,C0048,489,0.9507465542928417,1
03-23-23 02:45 AM,C0003,353,-0.6901493777131147,1
01-31-23 11:18 PM,C0001,485,0.23443761175580158,1
10/01/2023 19:11,C0063,417,0.2479969710579648,1
2023-03-28 19:28:00,C0061,256,0.9684689984688679,0
22/02/2023 03:03,C0054,274,-0.6185480248182107,1
2023-03-17 15:35:00,C0017,408,-0.6015080911833719,1
2023/01/13 14:08:00,C0038,402,0.8808384146014938,1
2023/03/23 14:04:00,C0084,210,-0.014861858493404823,0
2023-03-01 22:30:00,C0082,236,0.5994358272374392,0
2023-03-09 03:06:00,C0038,233,-0.7479959442720114,1
2023-01-06 16:18:00,C0080,197,-0.02075107589951042,0
2023-02-08 18:15:00,C0003,342,0.3233345192583781,1
02-22-23 11:55 PM,C0037,246,-0.18688643238379155,0
02-07-23 11:51 AM,C0095,81,-0.2576609679609372,0
2023/01/10 06:26:00,C0031,196,-0.3250393486502037,0
2023-03-10 05:07:00,C0092,136,-0.5589914731287058,1
2023-01-22 06:27:00,C0083,54,0.7413380682510353,0
18/03/2023 05:36,C0019,429,-0.08335281082484913,0
2023/01/24 18:01:00,C0016,228,-0.919881761898611,1
02-28-23 06:54 PM,C0007,278,-0.06386189153141975,0
03-02-23 09:35 PM,C0088,11,0.5208486233649434,0
13/01/2023 10:07,C0029,230,0.4162436698012508,0
2023-03-26 10:05:00,C0042,121,-0.3191768877714807,0
14/03/2023 20:03,C0014,373,0.002551289251458755,1
2023-01-30 06:56:00,C0051,317,0.8567670112726149,0
2023/03/16 18:41:00,C0043,274,-0.3279858820197825,0
2023/02/26 15:03:00,C0077,164,-0.653007899289956,1
03-03-23 02:42 PM,C0041,112,-0.7490274064016986,0
03-26-23 07:03 AM,C0031,65,-0.22535496404937194,1
05/03/2023 08:18,C0036,209,0.5504881036698985,0
2023-03-29 13:36:00,C0010,124,-0.4124481876512185,1
01-17-23 05:09 PM,C0027,193,-0.3649005994848231,0
2023-03-09 20:41:00,C0036,308,-0.32045951540231243,0
2023-02-01 16:16:00,C0057,237,0.2453790818995949,0
2023-02-25 13:15:00,C0057,435,-0.31322659564471156,0
2023/03/17 16:07:00,C0062,217,-0.09437257157816648,0
2023/01/09 06:06:00,C0026,193,0.1904256682537495,0
01-25-23 01:21 PM,C0013,259,-0.9899468947803938,1
2023/01/26 15:15:00,C0072,369,0.15578222538817665,0
2023/03/08 21:46:00,C0004,122,-0.9862440755607014,1
02-13-23 09:45 PM,C0052,171,0.7122649980274869,0
03-28-23 07:15 PM,C0011,185,0.3821116254785235,0
03-07-23 11:09 AM,C0088,387,0.20759398385819217,0
2023-03-26 07:25:00,C0085,490,-0.766152928949217,0
2023-03-20 22:05:00,C0051,286,0.16721007401619947,0
2023/02/16 07:50:00,C0069,100,0.863109828618962,0
01-23-23 03:11 AM,C0085,49,-0.2009624308261304,0
2023/03/16 09:32:00,C0071,14,-0.8025255862346683,1
2023-02-25 07:22:00,C0036,367,-0.5706082250732891,1
2023/03/06 05:59:00,C0001,316,0.3174352774540443,0
02-08-23 11:56 AM,C0075,465,-0.40728477297342325,0
03-14-23 10:14 AM,C0053,195,-0.13753226041688427,0
2023/02/21 14:16:00,C0030,394,-0.0841420111319442,1
03-06-23 12:40 PM,C0000,499,-0.2815825060346193,0
01-22-23 11:17 AM,C0080,217,-0.2748804068818109,0
31/03/2023 10:56,C0016,346,-0.2833306866566525,0
2023/01/14 21:02:00,C0034,454,0.1529448751155078,0
2023/01/31 21:08:00,C0012,172,-0.9664873910152352,0
2023-02-18 06:46:00,C0057,427,-0.9346818784310083,1
01-06-23 11:49 AM,C0019,457,0.23847806410716332,0
03-19-23 12:12 AM,C0013,393,-0.5217149091309536,1
02-04-23 10:40 PM,C0062,412,-0.5370398081740235,0
2023-02-13 22:20:00,C0047,154,0.7985207178493792,0
2023-02-01 19:47:00,C0098,463,0.3516458502081472,0
03-09-23 01:27 PM,C0078,217,0.6546042994744918,1
2023/03/31 21:47:00,C0044,246,0.42022953267455865,1
01-24-23 02:50 AM,C0007,210,-0.37389970987370624,0
02-26-23 04:15 PM,C0070,295,0.5047957646075758,0
08/02/2023 09:31,C0068,180,0.7871891729002631,0
2023/01/06 08:13:00,C0093,13,0.5362563567617644,0
2023-01-15 10:07:00,C0017,238,0.8031660105741352,0
03-08-23 06:49 PM,C0062,308,0.9567095741137133,0
03-22-23 01:28 PM,C0067,398,0.7143833141191773,0
2023/01/22 20:16:00,C0034,159,0.5665959659120954,0
2023/01/09 22:19:00,C0002,96,-0.08069836068085512,0
01-23-23 11:53 AM,C0072,134,-0.5546478417538301,1
2023/01/30 04:40:00,C0086,491,-0.6581271951583034,1
15/03/2023 11:57,C0024,323,-0.3189103290402062,0
2023/03/19 22:58:00,C0024,57,-0.6739617723702276,1
26/03/2023 06:44,C0010,182,-0.39079528845161904,0
2023-01-02 14:03:00,C0063,307,0.8538326926622162,1
2023-01-18 08:02:00,C0015,196,0.16650478462511353,1
2023/02/17 04:57:00,C0046,197,-0.20463117113389062,0
03-31-23 01:46 PM,C0001,292,0.1321432928963302,0
2023/02/15 09:34:00,C0062,389,-0.14775752409553844,0
2023-03-04 04:12:00,C0016,385,-0.4812231985136075,1
2023/03/21 13:23:00,C0089,127,-0.32509144207154206,0
23/01/2023 06:39,C0029,467,0.3255925484194433,0
01-29-23 03:14 AM,C0036,237,0.3876111139348235,0
2023-01-21 01:03:00,C0076,36,0.8216053419396265,0
2023/03/11 13:50:00,C0024,395,-0.1830888371830348,0
2023-02-23 17:33:00,C0068,284,0.3943273842759609,0
2023/01/22 11:31:00,C0061,376,-0.405425591437347,1
2023/02/07 09:41:00,C0018,248,0.5810410205433469,0
04/01/2023 17:53,C0031,14,-0.6873660585822783,0
2023/01/22 16:28:00,C0036,299,-0.9399573357018562,0
01-07-23 09:39 AM,C0094,499,0.5876362078160793,0
03-26-23 08:12 PM,C0056,348,0.9703491101813495,0
10/01/2023 02:09,C0058,325,0.3307304168378087,0
2023-02-15 07:02:00,C0015,424,0.37817530749645933,0
04/01/2023 22:30,C0084,376,0.6367608495590704,1
2023/03/16 22:51:00,C0096,330,0.30418612376330123,0
01-02-23 06:51 PM,C0070,419,-0.4243374022967883,1
03-08-23 12:11 AM,C0074,499,0.7791532366609843,0
16/01/2023 22:19,C0048,39,-0.24379846042509845,0
10/01/2023 07:23,C0095,305,-0.3523608501951372,0
16/02/2023 07:00,C0041,217,-0.5753320514262175,1
10/02/2023 05:35,C0026,169,-0.042943260160954955,0
14/03/2023 09:47,C0039,210,0.24546456458566657,0
2023/01/20 17:42:00,C0047,75,-0.14720328639675495,0
01-27-23 11:29 PM,C0023,66,0.9306054472607996,1
2023-01-28 22:43:00,C0011,368,0.0005570704155206663,1
2023/01/18 11:13:00,C0077,323,-0.18681892528105548,1
14/02/2023 17:25,C0035,136,0.39566557101034006,0
2023/02/02 15:40:00,C0088,157,0.8918492880641731,0
2023-01-16 11:38:00,C0095,461,-0.3483530784590305,1
2023/03/19 11:49:00,C0094,409,0.8054110208907124,0
2023-03-12 23:44:00,C0060,319,0.836795084163116,0
2023/03/28 10:15:00,C0026,388,-0.4024342578914968,0
01-17-23 07:55 AM,C0030,119,-0.9742050604209491,0
2023/01/13 04:10:00,C0039,300,0.7975757794746954,0
2023/01/22 13:56:00,C0024,228,-0.5194017530992665,1
02-13-23 10:07 AM,C0083,432,0.9746723171590919,0
02-23-23 08:47 AM,C0028,29,0.16542889868936306,0
2023-02-22 18:54:00,C0057,346,-0.021928449384760018,0
01-29-23 06:55 PM,C0007,170,0.26479251293101713,0
2023-03-17 03:31:00,C0090,285,0.5069442213191935,0
2023-02-14 02:50:00,C0018,406,-0.9486207102611837,1
22/02/2023 14:36,C0051,52,-0.6075085665876687,1
31/03/2023 10:26,C0041,416,0.17112745758660375,0
2023/02/25 03:30:00,C0019,48,0.9509460566280437,0
19/03/2023 11:05,C0054,420,0.8650891787049018,0
05/03/2023 15:01,C0018,381,-0.3844581894137018,0
13/03/2023 00:51,C0064,440,-0.27035505958440265,0
03-09-23 10:51 AM,C0060,60,0.8226783801572615,1
2023-03-21 21:32:00,C0087,390,0.4042149082275852,0
03-16-23 05:04 AM,C0003,375,-0.38552207630455904,0
14/02/2023 13:10,C0086,37,0.15946233226838413,0
2023/02/23 14:24:00,C0024,279,-0.6761539867355726,0
08/03/2023 11:59,C0016,423,0.8820965200767541,0
20/02/2023 05:57,C0088,56,0.2328563547437401,0
2023-03-05 18:30:00,C0037,499,0.4609849549645988,1
2023-03-15 10:49:00,C0040,400,0.050516837563166606,1
2023-02-21 11:12:00,C0090,245,-0.21651509887544362,0
04/01/2023 07:06,C0016,227,-0.5701669372265616,1
03-14-23 03:08 AM,C0049,17,-0.30903829255310855,0
2023/02/12 21:46:00,C0049,343,-0.7032793254209664,1
01-16-23 10:58 PM,C0028,260,-0.13445703131636222,0
08/02/2023 05:03,C0016,483,-0.06016925593280931,0
01-30-23 09:41 PM,C0029,75,0.2601862537233268,0
03-31-23 11:32 AM,C0017,464,0.35698233730116247,0
2023-03-28 18:33:00,C0089,399,0.44413212840757055,1
19/01/2023 18:44,C0085,104,0.9912756671896166,1
2023/02/02 20:52:00,C0041,127,0.235863119692596,0
03-17-23 07:44 PM,C0020,199,-0.29691547990060396,0
02-23-23 04:33 AM,C0043,144,0.8048065522213494,0
02-27-23 06:03 AM,C0036,104,0.6409751689605496,0
09/03/2023 14:40,C0081,102,-0.8637819505529549,1
02-11-23 05:28 PM,C0005,194,-0.9708656904974422,1
2023/01/14 23:55:00,C0094,229,-0.9713381882659975,0
2023-02-14 06:55:00,C0057,224,0.5754843766047397,0
03-15-23 09:14 PM,C0058,387,-0.8397885467807955,1
2023/03/24 12:57:00,C0002,38,-0.2265858859120442,1
03-18-23 10:52 PM,C0037,76,-0.23443179919391888,0
02-16-23 09:56 AM,C0083,54,0.10658127924600014,0
2023-01-09 05:33:00,C0066,336,-0.8039846304385179,1
2023-01-22 23:51:00,C0040,494,-0.09761361709855265,0
2023-03-13 15:51:00,C0079,482,0.8738557274622778,0
26/01/2023 23:11,C0059,434,-0.6678502953329726,1
10/03/2023 17:28,C0005,199,-0.23572105033486146,0
2023-02-28 22:22:00,C0017,101,0.2836390336028707,0
2023-03-25 12:11:00,C0008,77,-0.6458354892054203,1
26/01/2023 15:03,C0066,473,0.926318054130133,1
13/01/2023 02:27,C0044,347,0.5950280905929717,0
02-16-23 09:47 AM,C0044,470,-0.43879837352416806,0
01-19-23 12:34 AM,C0074,318,0.3745911251650351,0
2023-02-13 03:52:00,C0044,60,0.4793657955262163,0
01-19-23 01:15 AM,C0055,229,-0.1599779914086743,0
2023/01/28 14:50:00,C0018,262,-0.6375488779005809,0
09/02/2023 09:51,C0098,342,0.237220578187878,0
2023/01/16 08:59:00,C0021,428,-0.20799806722876957,1
27/03/2023 01:24,C0054,241,-0.7448596508572582,0
2023/01/23 10:26:00,C0005,352,-0.0323949202787055,0
18/03/2023 08:10,C0029,352,-0.5123961245796409,0
14/02/2023 15:39,C0022,97,0.48454278450457355,1
2023/01/07 17:53:00,C0041,349,0.3986789325052862,0
31/01/2023 08:52,C0056,305,0.2202158440724693,0
20/01/2023 01:40,C0086,126,-0.8781425565585601,0
25/01/2023 00:57,C0065,306,-0.007521556198372137,1
06/01/2023 18:18,C0037,331,0.8829484750121308,1
2023/01/24 02:25:00,C0098,250,-0.27670581031791097,0
2023/03/03 00:00:00,C0034,162,-0.9548709765893055,0
03-30-23 03:40 AM,C0097,416,-0.14065327328970412,0
01-01-23 05:45 PM,C0072,490,-0.46240476993960367,1
2023-01-18 05:44:00,C0054,54,0.17598325892766553,0
02-17-23 09:10 AM,C0095,499,0.5453419762563332,0
2023/03/01 09:59:00,C0017,390,0.6237322480207597,1
2023-02-09 10:20:00,C0062,163,0.8655058781206264,1
02-21-23 06:12 PM,C0098,270,0.129181277866927,0
13/01/2023 12:51,C0001,118,0.4403149218618805,0
08/03/2023 03:10,C0007,265,0.7947714349274297,0
2023/02/11 19:47:00,C0098,150,0.3497864061083096,0
21/02/2023 03:18,C0072,255,-0.1786347339794343,0
2023-03-05 19:34:00,C0039,215,-0.25210573104186507,0
30/03/2023 13:18,C0094,285,-0.2128893277873689,0
25/01/2023 17:16,C0001,368,0.26403841684487284,0
27/02/2023 18:42,C0066,84,0.2904371516893278,0
03-27-23 03:55 PM,C0082,391,-0.6027367722762618,0
2023-03-09 17:18:00,C0087,448,0.530387667508784,1
2023-01-07 07:46:00,C0082,482,0.8064962101902611,1
13/03/2023 09:54,C0050,282,-0.39506736507706064,0
2023/01/10 09:05:00,C0026,418,0.8236372573721833,1
2023-01-29 19:09:00,C0005,448,0.0011586348616625664,0
01-28-23 02:58 PM,C0025,175,-0.9897207448288794,0
2023/01/21 09:25:00,C0047,368,0.5036502919133623,0
03-27-23 06:02 PM,C0019,402,0.9731262282288209,0
02-25-23 11:47 AM,C0071,388,0.27670115484086355,0
01-27-23 12:00 AM,C0006,473,0.6981960399173521,0
2023-03-16 22:01:00,C0040,426,-0.6216084152192902,0
2023/03/22 23:32:00,C0058,233,0.8649778471796037,0
2023/01/14 07:26:00,C0098,262,0.8443838561025685,0
23/01/2023 17:53,C0023,215,-0.3477842949748531,1
2023/01/15 09:21:00,C0026,256,-0.4588814870240172,0
18/03/2023 23:04,C0046,481,0.9551799206900864,0
13/01/2023 17:04,C0093,455,-0.4887218124092769,0
03-23-23 08:21 AM,C0092,486,-0.9334640576612832,1
2023/02/07 00:13:00,C0024,356,-0.5000542182623406,1
2023-03-30 18:37:00,C0077,349,-0.15561553223864388,0
16/01/2023 05:05,C0034,137,-0.16206045244095124,0
2023-01-02 19:15:00,C0057,432,-0.3582909145003128,0
2023/03/10 18:12:00,C0088,457,-0.3099663201508678,1
03-10-23 04:24 AM,C0072,109,0.025958699641814853,0
24/02/2023 02:36,C0033,260,-0.8647905010552337,0
2023/01/01 03:35:00,C0064,269,-0.5156506993050589,1
2023/02/01 02:40:00,C0058,115,-0.7787928022536783,1
03-03-23 01:21 PM,C0069,379,-0.62024934180816,1
25/02/2023 17:21,C0012,470,0.47818284398590616,0
02-11-23 04:16 PM,C0060,155,0.732071350091513,1
2023/02/27 01:10:00,C0097,155,0.973791890776595,0
06/03/2023 18:11,C0085,314,0.7150612155038474,1
03-31-23 08:40 AM,C0020,440,-0.19303806194600082,1
2023/03/11 19:11:00,C0050,481,-0.8627026677042555,0
01-24-23 11:27 PM,C0053,464,-0.6257514591789965,1
01/03/2023 10:10,C0054,295,-0.12270499950789038,0
10/02/2023 09:13,C0028,458,0.90680575876419,1
02-07-23 06:37 AM,C0016,482,0.6886297283047649,0
2023/02/25 09:28:00,C0066,491,0.818859007371753,1
2023-03-26 11:49:00,C0051,330,0.910896382876135,1
01-16-23 08:11 AM,C0052,70,-0.03429745117979044,0
2023/03/06 09:45:00,C0091,180,-0.971237528031694,0
02-13-23 11:32 AM,C0006,117,-0.422062950157883,0
2023/03/19 09:49:00,C0067,336,0.18444279866288094,0
2023/03/22 08:04:00,C0049,335,0.309450696996886,0
2023-02-23 12:30:00,C0000,67,-0.8251069964002291,1
23/01/2023 08:54,C0044,470,0.9112989345329787,0
2023-03-20 09:07:00,C0025,64,-0.21556441313291974,0
01-02-23 02:07 PM,C0060,303,-0.23676700178173005,0
02-04-23 01:18 AM,C0025,352,0.2665264032188208,0
01-23-23 09:42 AM,C0040,323,0.2508669003331869,0
2023/01/01 04:29:00,C0006,233,0.852616553842392,0
30/01/2023 15:16,C0089,453,-0.7354625698030366,1
2023/02/11 00:55:00,C0062,50,0.05216503683480589,0
22/03/2023 03:06,C0027,451,-0.6396827045347615,1
2023-01-13 21:34:00,C0070,224,-0.17526702545063788,1
2023-03-16 01:13:00,C0089,110,-0.2792119198917775,1
2023/02/14 05:43:00,C0040,375,-0.4040455290083125,1
2023-01-02 22:55:00,C0056,327,0.6246523604941232,0
19/02/2023 06:07,C0016,177,0.42939135047146837,0
2023/02/24 15:24:00,C0017,83,0.06911843831261733,0
2023-02-14 18:25:00,C0083,82,0.7804732435915418,0
2023/03/23 16:58:00,C0003,385,0.19485848514684,0
03-18-23 06:22 PM,C0008,280,-0.5668416287455182,0
2023-02-21 08:57:00,C0089,163,-0.3157347997762101,0
22/02/2023 19:14,C0081,490,0.8190969460242767,0
2023/03/17 02:56:00,C0032,328,0.4502223198666322,0
2023/03/13 22:11:00,C0025,382,0.20276814137712673,0
2023-01-16 06:47:00,C0099,319,-0.20989332428640806,1
21/03/2023 02:23,C0009,209,0.4979263017207971,0
01-20-23 10:39 PM,C0015,242,-0.5617478706583983,1
12/03/2023 19:44,C0077,130,-0.03479752867695862,0
09/03/2023 07:38,C0051,407,0.6112044375404766,1
13/02/2023 13:00,C0089,225,0.3613447464514741,0
2023/01/28 16:35:00,C0020,75,-0.9558283093976405,1
23/01/2023 22:40,C0076,313,0.10132091847312852,1
02-15-23 02:58 PM,C0058,277,0.40173139825085724,0
16/01/2023 22:42,C0077,53,0.29692911380047415,1
2023/01/22 17:21:00,C0063,189,0.6314907612522418,0
2023/03/12 07:59:00,C0050,28,-0.3199912278802157,0
2023-01-07 07:22:00,C0047,20,-0.45175927236159863,0
2023-01-23 21:56:00,C0068,280,-0.7189057440089142,1
2023-01-21 13:59:00,C0025,386,0.1194893226673499,0
04/02/2023 10:30,C0087,23,0.3923849006021798,0
10/02/2023 08:41,C0033,410,-0.7573940039889318,1
2023/01/12 14:30:00,C0000,435,-0.6674893393005987,1
2023-01-04 14:09:00,C0085,28,0.8452075141879156,0
2023-01-06 06:31:00,C0097,316,-0.02557598615617218,1
2023/03/14 17:05:00,C0011,259,-0.33111494576379186,0
2023/03/26 03:31:00,C0009,17,0.5488389892126067,0
23/02/2023 16:20,C0013,158,-0.7263096668272864,1
03-29-23 02:14 PM,C0019,402,-0.34423201196348296,0
